Employee_ID,First_Name,Last_Name,Department,City,Salary,Experience_Years,Email,Phone
1001,Sandesh,Patil,Data Analyst, Bangalore ,30000.0,1.0, test@mail.com ,9876543210
1002,Pooja,Patil,Data Analyst,Belgaum,0.0,2.0,user@example.com,9876543210
1003,Rahul, Sharma,Business Analyst,Belgaum,0.0,5.0,user@example.com,0
1004,Akshay,Kumar,Data Analyst,Pune,30000.0,4.0, test@mail.com ,9123456780
1005,Akshay,Kumar,Data Analyst,Belgaum,40000.0,4.0,employee@company.com,9876543210
1006,Akshay,Kumar,Data Analyst,Pune,35000.0,4.0, test@mail.com ,0
1007,Sanjay,Patil,Data Analyst, Bangalore ,25000.0,5.0, test@mail.com ,0
1008,Akshay,Kumar,Data Analyst,Belgaum,35000.0,4.0,user@example.com,9123456780
1009,Rahul, Sharma,Business Analyst,Mumbai,0.0,,employee@company.com,9876543210
1010,Akshay,Kumar,Data Analyst, Hyderabad ,0.0,1.0,user@example.com,9123456780
1011,Pooja,Patil,Data Analyst,Belgaum,0.0,4.0,employee@company.com,0
1012,Rahul, Sharma,Data Analyst,Pune,30000.0,,employee@company.com,9876543210
1013,Sandesh,Patil,Data Analyst, Hyderabad ,30000.0,5.0,user@example.com,9123456780
1014,Pooja,Patil,Data Analyst,Mumbai,25000.0,2.0,employee@company.com,9876543210
1015,Sanjay,Patil,Data Analyst, Bangalore ,35000.0,1.0,employee@company.com,0
1016,Rahul, Sharma,Business Analyst,Mumbai,0.0,2.0,user@example.com,9123456780
1017,Sanjay,Patil,Data Analyst,Belgaum,0.0,5.0, test@mail.com ,0
1018,Sandesh,Patil,Data Analyst,Mumbai,40000.0,5.0,employee@company.com,9123456780
1019,Sandesh,Patil,Business Analyst,Belgaum,40000.0,5.0,user@example.com,9123456780
1020,Akshay,Kumar,Data Analyst,Mumbai,25000.0,2.0,user@example.com,0
1021,Sanjay,Patil,Data Analyst,Mumbai,0.0,, test@mail.com ,9123456780
1022,Rahul, Sharma,Data Analyst,Belgaum,40000.0,5.0, test@mail.com ,0
1023,Pooja,Patil,Data Analyst,Mumbai,0.0,1.0,user@example.com,0
1024,Pooja,Patil,Business Analyst,Mumbai,25000.0,3.0,employee@company.com,0
1025,Sanjay,Patil,Data Analyst, Hyderabad ,30000.0,5.0, test@mail.com ,0
1026,Rahul, Sharma,Data Analyst, Hyderabad ,30000.0,2.0,employee@company.com,9876543210
1027,Rahul, Sharma,Data Analyst,Pune,30000.0,4.0, test@mail.com ,9876543210
1028,Akshay,Kumar,Data Analyst,Mumbai,0.0,5.0, test@mail.com ,9123456780
1029,Sanjay,Patil,Business Analyst,Mumbai,35000.0,5.0,user@example.com,0
1030,Sanjay,Patil,Data Analyst,Belgaum,30000.0,2.0,employee@company.com,9876543210
1031,Sandesh,Patil,Data Analyst,Mumbai,25000.0,4.0,user@example.com,9876543210
1032,Akshay,Kumar,Data Analyst,Mumbai,35000.0,5.0,user@example.com,9876543210
1033,Akshay,Kumar,Data Analyst,Pune,40000.0,,employee@company.com,9123456780
1034,Sandesh,Patil,Data Analyst, Bangalore ,40000.0,,employee@company.com,9876543210
1035,Akshay,Kumar,Business Analyst,Belgaum,35000.0,5.0,employee@company.com,9876543210
1036,Sandesh,Patil,Business Analyst,Pune,40000.0,2.0, test@mail.com ,9123456780
1037,Akshay,Kumar,Data Analyst,Pune,40000.0,5.0,employee@company.com,9876543210
1038,Akshay,Kumar,Data Analyst,Belgaum,40000.0,3.0, test@mail.com ,9123456780
1039,Rahul, Sharma,Business Analyst, Hyderabad ,30000.0,2.0,user@example.com,9123456780
1040,Akshay,Kumar,Data Analyst, Bangalore ,30000.0,2.0, test@mail.com ,9123456780
1041,Sandesh,Patil,Data Analyst,Belgaum,35000.0,, test@mail.com ,0
1042,Rahul, Sharma,Business Analyst, Bangalore ,35000.0,5.0,user@example.com,9876543210
1043,Sanjay,Patil,Data Analyst, Hyderabad ,40000.0,1.0,employee@company.com,9876543210
1044,Sanjay,Patil,Data Analyst, Hyderabad ,40000.0,1.0, test@mail.com ,9876543210
1045,Pooja,Patil,Data Analyst,Mumbai,30000.0,1.0, test@mail.com ,9876543210
1046,Sandesh,Patil,Data Analyst,Mumbai,35000.0,3.0,user@example.com,9876543210
1047,Akshay,Kumar,Data Analyst, Hyderabad ,35000.0,1.0,user@example.com,9876543210
1048,Sanjay,Patil,Data Analyst,Pune,35000.0,2.0,user@example.com,9123456780
1049,Sanjay,Patil,Data Analyst, Bangalore ,25000.0,3.0, test@mail.com ,0
1050,Rahul, Sharma,Data Analyst,Pune,35000.0,1.0,employee@company.com,9123456780
1051,Sanjay,Patil,Data Analyst,Belgaum,25000.0,2.0,user@example.com,9876543210
1052,Rahul, Sharma,Data Analyst, Bangalore ,40000.0,1.0, test@mail.com ,9123456780
1053,Sanjay,Patil,Data Analyst,Pune,40000.0,4.0,employee@company.com,0
1054,Pooja,Patil,Data Analyst,Belgaum,35000.0,4.0,user@example.com,0
1055,Sanjay,Patil,Business Analyst,Belgaum,40000.0,1.0, test@mail.com ,9876543210
1056,Akshay,Kumar,Data Analyst, Bangalore ,0.0,2.0,user@example.com,9876543210
1057,Pooja,Patil,Data Analyst, Bangalore ,30000.0,1.0, test@mail.com ,0
1058,Sandesh,Patil,Data Analyst, Bangalore ,30000.0,5.0,user@example.com,9876543210
1059,Sanjay,Patil,Data Analyst,Mumbai,35000.0,1.0, test@mail.com ,9876543210
1060,Sanjay,Patil,Business Analyst,Belgaum,0.0,3.0, test@mail.com ,9876543210
1061,Rahul, Sharma,Data Analyst, Hyderabad ,30000.0,,employee@company.com,9876543210
1062,Akshay,Kumar,Data Analyst, Hyderabad ,30000.0,,employee@company.com,0
1063,Pooja,Patil,Data Analyst,Belgaum,35000.0,1.0,employee@company.com,9123456780
1064,Rahul, Sharma,Data Analyst, Bangalore ,25000.0,4.0,user@example.com,9876543210
1065,Rahul, Sharma,Data Analyst,Mumbai,25000.0,5.0, test@mail.com ,9876543210
1066,Rahul, Sharma,Data Analyst, Bangalore ,30000.0,1.0, test@mail.com ,9123456780
1067,Rahul, Sharma,Data Analyst,Belgaum,30000.0,, test@mail.com ,9876543210
1068,Rahul, Sharma,Business Analyst,Pune,25000.0,4.0, test@mail.com ,9123456780
1069,Sanjay,Patil,Business Analyst,Pune,40000.0,5.0, test@mail.com ,9876543210
1070,Rahul, Sharma,Data Analyst, Hyderabad ,40000.0,,employee@company.com,9876543210
1071,Sanjay,Patil,Data Analyst,Mumbai,0.0,2.0, test@mail.com ,9123456780
1072,Akshay,Kumar,Data Analyst,Mumbai,35000.0,1.0, test@mail.com ,9876543210
1073,Pooja,Patil,Data Analyst,Belgaum,40000.0,2.0, test@mail.com ,0
1074,Sanjay,Patil,Data Analyst, Bangalore ,40000.0,4.0,employee@company.com,9876543210
1075,Pooja,Patil,Data Analyst,Belgaum,35000.0,4.0,employee@company.com,9123456780
1076,Rahul, Sharma,Data Analyst,Pune,40000.0,, test@mail.com ,0
1077,Pooja,Patil,Data Analyst,Pune,25000.0,1.0,user@example.com,9123456780
1078,Pooja,Patil,Data Analyst,Belgaum,30000.0,5.0,employee@company.com,9123456780
1079,Pooja,Patil,Data Analyst,Belgaum,0.0,1.0, test@mail.com ,9123456780
1080,Pooja,Patil,Data Analyst,Mumbai,35000.0,4.0, test@mail.com ,9876543210
1081,Akshay,Kumar,Data Analyst,Pune,40000.0,1.0, test@mail.com ,9876543210
1082,Pooja,Patil,Data Analyst, Hyderabad ,0.0,1.0,user@example.com,9123456780
1083,Rahul, Sharma,Data Analyst,Mumbai,40000.0,,employee@company.com,9876543210
1084,Pooja,Patil,Data Analyst,Belgaum,35000.0,4.0, test@mail.com ,0
1085,Sandesh,Patil,Data Analyst,Belgaum,0.0,2.0,user@example.com,0
1086,Pooja,Patil,Data Analyst,Belgaum,40000.0,3.0, test@mail.com ,9876543210
1087,Akshay,Kumar,Data Analyst, Bangalore ,40000.0,2.0,employee@company.com,9123456780
1088,Sandesh,Patil,Data Analyst,Belgaum,25000.0,, test@mail.com ,9876543210
1089,Rahul, Sharma,Data Analyst,Pune,35000.0,2.0, test@mail.com ,9876543210
1090,Akshay,Kumar,Business Analyst, Bangalore ,30000.0,5.0,employee@company.com,9123456780
1091,Sanjay,Patil,Business Analyst,Belgaum,25000.0,2.0, test@mail.com ,9876543210
1092,Rahul, Sharma,Data Analyst, Hyderabad ,40000.0,4.0,user@example.com,0
1093,Rahul, Sharma,Business Analyst, Bangalore ,40000.0,2.0,user@example.com,9876543210
1094,Sandesh,Patil,Data Analyst, Bangalore ,40000.0,4.0, test@mail.com ,9876543210
1095,Sanjay,Patil,Data Analyst,Belgaum,30000.0,3.0,employee@company.com,9123456780
1096,Pooja,Patil,Data Analyst,Belgaum,40000.0,5.0,employee@company.com,0
1097,Akshay,Kumar,Data Analyst,Mumbai,40000.0,5.0,employee@company.com,9876543210
1098,Sandesh,Patil,Data Analyst,Belgaum,30000.0,,employee@company.com,9123456780
1099,Pooja,Patil,Business Analyst,Mumbai,30000.0,5.0,employee@company.com,9876543210
1100,Sandesh,Patil,Business Analyst,Mumbai,40000.0,5.0,employee@company.com,9876543210
1101,Sanjay,Patil,Data Analyst,Belgaum,35000.0,1.0,user@example.com,0
1102,Pooja,Patil,Business Analyst,Pune,30000.0,2.0,employee@company.com,9876543210
1103,Pooja,Patil,Data Analyst, Hyderabad ,30000.0,2.0,employee@company.com,9876543210
1104,Pooja,Patil,Data Analyst,Belgaum,35000.0,5.0, test@mail.com ,9123456780
1105,Sandesh,Patil,Data Analyst,Pune,30000.0,5.0,employee@company.com,9876543210
1106,Sandesh,Patil,Business Analyst, Bangalore ,35000.0,4.0,employee@company.com,0
1107,Rahul, Sharma,Data Analyst,Belgaum,0.0,3.0,employee@company.com,9876543210
1108,Sandesh,Patil,Business Analyst,Belgaum,35000.0,1.0,user@example.com,0
1109,Sandesh,Patil,Business Analyst,Belgaum,25000.0,, test@mail.com ,0
1110,Sandesh,Patil,Data Analyst, Bangalore ,30000.0,2.0,user@example.com,0
1111,Sanjay,Patil,Data Analyst,Pune,25000.0,1.0,user@example.com,9876543210
1112,Rahul, Sharma,Data Analyst,Belgaum,0.0,2.0,employee@company.com,9876543210
1113,Akshay,Kumar,Data Analyst,Belgaum,25000.0,3.0, test@mail.com ,0
1114,Sanjay,Patil,Data Analyst,Pune,35000.0,,user@example.com,9123456780
1115,Rahul, Sharma,Data Analyst,Belgaum,30000.0,4.0,user@example.com,9876543210
1116,Akshay,Kumar,Data Analyst,Belgaum,0.0,3.0,user@example.com,0
1117,Rahul, Sharma,Data Analyst, Bangalore ,0.0,4.0,employee@company.com,0
1118,Akshay,Kumar,Data Analyst, Bangalore ,40000.0,4.0,user@example.com,9876543210
1119,Rahul, Sharma,Business Analyst, Hyderabad ,40000.0,1.0, test@mail.com ,9123456780
1120,Sandesh,Patil,Business Analyst,Pune,35000.0,4.0, test@mail.com ,9876543210
1121,Rahul, Sharma,Data Analyst, Hyderabad ,25000.0,3.0,user@example.com,9876543210
1122,Rahul, Sharma,Business Analyst,Mumbai,0.0,2.0,user@example.com,9123456780
1123,Akshay,Kumar,Data Analyst,Pune,30000.0,3.0, test@mail.com ,9123456780
1124,Akshay,Kumar,Data Analyst, Hyderabad ,25000.0,,user@example.com,9123456780
1125,Rahul, Sharma,Data Analyst,Mumbai,30000.0,3.0,user@example.com,9876543210
1126,Sandesh,Patil,Data Analyst,Belgaum,25000.0,5.0,user@example.com,9123456780
1127,Rahul, Sharma,Data Analyst,Pune,30000.0,5.0,employee@company.com,0
1128,Pooja,Patil,Data Analyst,Pune,30000.0,5.0,employee@company.com,9123456780
1129,Sandesh,Patil,Data Analyst,Pune,30000.0,5.0,employee@company.com,9876543210
1130,Sanjay,Patil,Data Analyst,Belgaum,30000.0,4.0, test@mail.com ,0
1131,Rahul, Sharma,Data Analyst, Bangalore ,30000.0,3.0, test@mail.com ,9123456780
1132,Pooja,Patil,Data Analyst,Pune,0.0,2.0, test@mail.com ,0
1133,Pooja,Patil,Business Analyst,Belgaum,25000.0,3.0,employee@company.com,9876543210
1134,Pooja,Patil,Data Analyst,Pune,0.0,2.0, test@mail.com ,0
1135,Sanjay,Patil,Data Analyst, Hyderabad ,40000.0,4.0,user@example.com,0
1136,Sanjay,Patil,Data Analyst,Mumbai,30000.0,5.0, test@mail.com ,0
1137,Sandesh,Patil,Data Analyst, Hyderabad ,30000.0,4.0,user@example.com,0
1138,Akshay,Kumar,Data Analyst,Pune,40000.0,1.0,user@example.com,9876543210
1139,Sandesh,Patil,Business Analyst,Belgaum,0.0,5.0, test@mail.com ,0
1140,Akshay,Kumar,Data Analyst,Mumbai,0.0,4.0,employee@company.com,0
1141,Akshay,Kumar,Business Analyst, Bangalore ,40000.0,2.0,employee@company.com,9123456780
1142,Akshay,Kumar,Data Analyst,Pune,40000.0,4.0,employee@company.com,0
1143,Rahul, Sharma,Data Analyst,Mumbai,40000.0,3.0,employee@company.com,9123456780
1144,Sanjay,Patil,Data Analyst, Hyderabad ,40000.0,2.0,user@example.com,0
1145,Rahul, Sharma,Business Analyst,Pune,40000.0,5.0,employee@company.com,9876543210
1146,Sandesh,Patil,Business Analyst, Bangalore ,30000.0,5.0, test@mail.com ,0
1147,Pooja,Patil,Data Analyst,Belgaum,35000.0,5.0, test@mail.com ,9876543210
1148,Sanjay,Patil,Data Analyst, Bangalore ,30000.0,4.0,employee@company.com,9123456780
1149,Sandesh,Patil,Data Analyst,Mumbai,0.0,,user@example.com,9876543210
1150,Akshay,Kumar,Data Analyst,Mumbai,0.0,3.0,employee@company.com,9123456780
1151,Akshay,Kumar,Business Analyst,Belgaum,30000.0,1.0, test@mail.com ,9123456780
1152,Sanjay,Patil,Data Analyst,Belgaum,35000.0,,user@example.com,9123456780
1153,Rahul, Sharma,Data Analyst, Bangalore ,40000.0,,employee@company.com,9876543210
1154,Sandesh,Patil,Business Analyst, Bangalore ,40000.0,5.0,employee@company.com,9123456780
1155,Sandesh,Patil,Data Analyst, Hyderabad ,40000.0,5.0,user@example.com,0
1156,Pooja,Patil,Data Analyst, Bangalore ,0.0,5.0,employee@company.com,0
1157,Akshay,Kumar,Data Analyst,Pune,35000.0,3.0,employee@company.com,9876543210
1158,Sanjay,Patil,Business Analyst,Belgaum,40000.0,4.0,user@example.com,9876543210
1159,Sandesh,Patil,Data Analyst,Belgaum,25000.0,2.0,employee@company.com,9876543210
1160,Rahul, Sharma,Data Analyst,Mumbai,25000.0,3.0,user@example.com,9876543210
1161,Sandesh,Patil,Business Analyst, Bangalore ,25000.0,1.0, test@mail.com ,0
1162,Akshay,Kumar,Data Analyst,Pune,25000.0,4.0,user@example.com,9123456780
1163,Akshay,Kumar,Data Analyst,Belgaum,35000.0,5.0, test@mail.com ,9876543210
1164,Pooja,Patil,Data Analyst, Bangalore ,0.0,5.0,employee@company.com,0
1165,Sandesh,Patil,Data Analyst,Belgaum,0.0,2.0,employee@company.com,0
1166,Akshay,Kumar,Business Analyst, Bangalore ,0.0,5.0,user@example.com,0
1167,Sandesh,Patil,Data Analyst,Mumbai,30000.0,3.0, test@mail.com ,9123456780
1168,Rahul, Sharma,Data Analyst,Belgaum,0.0,3.0,user@example.com,0
1169,Pooja,Patil,Data Analyst, Hyderabad ,30000.0,4.0,user@example.com,9123456780
1170,Pooja,Patil,Data Analyst,Pune,40000.0,5.0, test@mail.com ,0
1171,Akshay,Kumar,Data Analyst,Mumbai,40000.0,1.0, test@mail.com ,0
1172,Rahul, Sharma,Data Analyst, Bangalore ,25000.0,,employee@company.com,9876543210
1173,Rahul, Sharma,Business Analyst,Belgaum,35000.0,4.0,employee@company.com,9123456780
1174,Pooja,Patil,Data Analyst,Belgaum,25000.0,4.0,employee@company.com,9123456780
1175,Sandesh,Patil,Business Analyst,Pune,40000.0,1.0, test@mail.com ,0
1176,Pooja,Patil,Data Analyst,Belgaum,0.0,2.0, test@mail.com ,0
1177,Sandesh,Patil,Business Analyst,Belgaum,25000.0,1.0,employee@company.com,9876543210
1178,Sandesh,Patil,Data Analyst, Bangalore ,0.0,1.0,user@example.com,0
1179,Rahul, Sharma,Business Analyst, Hyderabad ,40000.0,1.0,user@example.com,9123456780
1180,Sandesh,Patil,Business Analyst,Pune,0.0,3.0,user@example.com,9123456780
1181,Akshay,Kumar,Data Analyst,Belgaum,40000.0,1.0,user@example.com,9123456780
1182,Pooja,Patil,Business Analyst,Belgaum,25000.0,5.0,employee@company.com,0
1183,Sandesh,Patil,Data Analyst,Mumbai,0.0,,user@example.com,9876543210
1184,Sandesh,Patil,Data Analyst,Belgaum,30000.0,5.0,user@example.com,9876543210
1185,Akshay,Kumar,Data Analyst,Mumbai,0.0,5.0, test@mail.com ,0
1186,Pooja,Patil,Data Analyst, Bangalore ,35000.0,1.0,user@example.com,9123456780
1187,Akshay,Kumar,Data Analyst,Belgaum,40000.0,1.0,employee@company.com,9123456780
1188,Rahul, Sharma,Data Analyst, Hyderabad ,30000.0,4.0,employee@company.com,9123456780
1189,Rahul, Sharma,Data Analyst, Hyderabad ,40000.0,1.0,user@example.com,9123456780
1190,Pooja,Patil,Data Analyst,Belgaum,25000.0,5.0,user@example.com,9876543210
1191,Sanjay,Patil,Data Analyst,Pune,35000.0,,employee@company.com,0
1192,Rahul, Sharma,Data Analyst,Belgaum,35000.0,1.0,user@example.com,0
1193,Sanjay,Patil,Business Analyst, Hyderabad ,25000.0,4.0,employee@company.com,9876543210
1194,Rahul, Sharma,Data Analyst, Hyderabad ,0.0,,employee@company.com,9876543210
1195,Pooja,Patil,Business Analyst,Mumbai,40000.0,5.0, test@mail.com ,0
1196,Pooja,Patil,Business Analyst,Belgaum,35000.0,4.0,user@example.com,0
1197,Sandesh,Patil,Data Analyst,Belgaum,40000.0,2.0,employee@company.com,9123456780
1198,Sandesh,Patil,Data Analyst,Mumbai,0.0,2.0,employee@company.com,0
1199,Pooja,Patil,Data Analyst,Pune,0.0,5.0,employee@company.com,9876543210
1200,Pooja,Patil,Data Analyst,Belgaum,40000.0,5.0,user@example.com,0
1201,Rahul, Sharma,Data Analyst,Belgaum,35000.0,5.0,employee@company.com,0
1202,Akshay,Kumar,Data Analyst,Mumbai,35000.0,,employee@company.com,9123456780
1203,Akshay,Kumar,Data Analyst, Bangalore ,25000.0,2.0,user@example.com,0
1204,Akshay,Kumar,Data Analyst,Belgaum,35000.0,1.0,employee@company.com,9123456780
1205,Rahul, Sharma,Business Analyst, Bangalore ,0.0,5.0,employee@company.com,9123456780
1206,Rahul, Sharma,Data Analyst, Bangalore ,30000.0,5.0, test@mail.com ,0
1207,Sandesh,Patil,Data Analyst,Pune,30000.0,4.0, test@mail.com ,9876543210
1208,Sandesh,Patil,Data Analyst,Pune,30000.0,3.0, test@mail.com ,9123456780
1209,Sandesh,Patil,Business Analyst,Mumbai,25000.0,5.0,employee@company.com,9876543210
1210,Pooja,Patil,Data Analyst,Pune,35000.0,3.0,employee@company.com,0
1211,Sanjay,Patil,Data Analyst,Mumbai,30000.0,5.0, test@mail.com ,0
1212,Sanjay,Patil,Data Analyst,Pune,0.0,4.0, test@mail.com ,9123456780
1213,Sandesh,Patil,Data Analyst,Mumbai,25000.0,2.0,user@example.com,9876543210
1214,Rahul, Sharma,Business Analyst, Bangalore ,35000.0,, test@mail.com ,0
1215,Sandesh,Patil,Data Analyst, Hyderabad ,30000.0,,user@example.com,9123456780
1216,Sanjay,Patil,Data Analyst, Hyderabad ,40000.0,, test@mail.com ,9123456780
1217,Sanjay,Patil,Business Analyst,Mumbai,30000.0,1.0,employee@company.com,9876543210
1218,Sanjay,Patil,Data Analyst,Mumbai,25000.0,1.0, test@mail.com ,9876543210
1219,Sanjay,Patil,Data Analyst,Pune,0.0,, test@mail.com ,9123456780
1220,Sandesh,Patil,Data Analyst,Belgaum,25000.0,2.0, test@mail.com ,9123456780
1221,Sanjay,Patil,Business Analyst, Bangalore ,40000.0,5.0,employee@company.com,0
1222,Akshay,Kumar,Data Analyst, Bangalore ,30000.0,4.0, test@mail.com ,9123456780
1223,Pooja,Patil,Data Analyst,Mumbai,40000.0,2.0,user@example.com,9876543210
1224,Pooja,Patil,Data Analyst, Hyderabad ,35000.0,2.0, test@mail.com ,9123456780
1225,Akshay,Kumar,Data Analyst,Pune,25000.0,1.0,employee@company.com,9123456780
1226,Sanjay,Patil,Business Analyst,Belgaum,0.0,2.0,employee@company.com,9876543210
1227,Akshay,Kumar,Data Analyst, Hyderabad ,30000.0,3.0,employee@company.com,9123456780
1228,Pooja,Patil,Data Analyst,Pune,0.0,, test@mail.com ,0
1229,Sandesh,Patil,Data Analyst,Pune,30000.0,5.0, test@mail.com ,9876543210
1230,Akshay,Kumar,Business Analyst,Belgaum,30000.0,3.0,employee@company.com,9876543210
1231,Sanjay,Patil,Data Analyst,Belgaum,35000.0,3.0, test@mail.com ,9123456780
1232,Rahul, Sharma,Business Analyst, Hyderabad ,0.0,4.0,employee@company.com,9876543210
1233,Pooja,Patil,Data Analyst,Pune,25000.0,2.0, test@mail.com ,9876543210
1234,Pooja,Patil,Business Analyst,Mumbai,0.0,3.0, test@mail.com ,0
1235,Sanjay,Patil,Data Analyst,Belgaum,30000.0,4.0,user@example.com,0
1236,Rahul, Sharma,Business Analyst,Pune,35000.0,3.0,employee@company.com,9876543210
1237,Rahul, Sharma,Data Analyst,Belgaum,35000.0,1.0,employee@company.com,0
1238,Pooja,Patil,Data Analyst,Belgaum,0.0,4.0, test@mail.com ,0
1239,Rahul, Sharma,Business Analyst, Bangalore ,40000.0,1.0, test@mail.com ,0
1240,Sanjay,Patil,Data Analyst,Pune,35000.0,, test@mail.com ,9876543210
1241,Akshay,Kumar,Business Analyst, Hyderabad ,30000.0,5.0,employee@company.com,0
1242,Sandesh,Patil,Data Analyst,Mumbai,30000.0,2.0,user@example.com,0
1243,Akshay,Kumar,Data Analyst, Hyderabad ,25000.0,4.0,employee@company.com,9123456780
1244,Rahul, Sharma,Business Analyst, Hyderabad ,25000.0,1.0, test@mail.com ,0
1245,Akshay,Kumar,Data Analyst,Belgaum,40000.0,2.0,employee@company.com,0
1246,Sanjay,Patil,Data Analyst,Belgaum,40000.0,3.0,employee@company.com,9123456780
1247,Sanjay,Patil,Business Analyst,Belgaum,40000.0,2.0,user@example.com,0
1248,Sanjay,Patil,Data Analyst,Belgaum,25000.0,4.0,user@example.com,9876543210
1249,Sanjay,Patil,Data Analyst,Belgaum,30000.0,2.0,employee@company.com,9123456780
1250,Akshay,Kumar,Business Analyst,Mumbai,30000.0,2.0,employee@company.com,0
1251,Sandesh,Patil,Data Analyst,Belgaum,0.0,5.0,employee@company.com,9123456780
1252,Pooja,Patil,Data Analyst,Belgaum,0.0,3.0, test@mail.com ,0
1253,Sandesh,Patil,Data Analyst, Bangalore ,25000.0,5.0, test@mail.com ,9876543210
1254,Rahul, Sharma,Data Analyst, Hyderabad ,30000.0,2.0, test@mail.com ,0
1255,Akshay,Kumar,Business Analyst,Belgaum,25000.0,3.0,user@example.com,9876543210
1256,Pooja,Patil,Data Analyst,Mumbai,35000.0,3.0,user@example.com,9876543210
1257,Akshay,Kumar,Data Analyst,Pune,30000.0,2.0,user@example.com,9123456780
1258,Akshay,Kumar,Data Analyst, Bangalore ,30000.0,1.0, test@mail.com ,9123456780
1259,Akshay,Kumar,Business Analyst,Pune,25000.0,1.0,user@example.com,0
1260,Sanjay,Patil,Data Analyst,Belgaum,30000.0,2.0,user@example.com,9123456780
1261,Pooja,Patil,Business Analyst, Bangalore ,25000.0,3.0,employee@company.com,9876543210
1262,Rahul, Sharma,Data Analyst, Bangalore ,40000.0,1.0,user@example.com,9876543210
1263,Sandesh,Patil,Business Analyst,Pune,25000.0,3.0,user@example.com,9876543210
1264,Rahul, Sharma,Data Analyst,Belgaum,0.0,4.0,user@example.com,9876543210
1265,Pooja,Patil,Data Analyst, Hyderabad ,40000.0,4.0,employee@company.com,9123456780
1266,Sandesh,Patil,Data Analyst,Mumbai,40000.0,,employee@company.com,0
1267,Sandesh,Patil,Business Analyst,Belgaum,40000.0,, test@mail.com ,9876543210
1268,Sanjay,Patil,Data Analyst,Mumbai,0.0,5.0, test@mail.com ,9876543210
1269,Sandesh,Patil,Data Analyst,Pune,35000.0,5.0,user@example.com,0
1270,Akshay,Kumar,Business Analyst,Belgaum,35000.0,,employee@company.com,9123456780
1271,Rahul, Sharma,Data Analyst,Belgaum,0.0,1.0,user@example.com,0
1272,Akshay,Kumar,Data Analyst,Pune,0.0,1.0,employee@company.com,9876543210
1273,Pooja,Patil,Data Analyst,Belgaum,40000.0,2.0,user@example.com,9876543210
1274,Rahul, Sharma,Data Analyst,Mumbai,25000.0,2.0,user@example.com,9123456780
1275,Rahul, Sharma,Data Analyst,Belgaum,40000.0,5.0,employee@company.com,9876543210
1276,Pooja,Patil,Business Analyst,Belgaum,0.0,1.0, test@mail.com ,9123456780
1277,Akshay,Kumar,Data Analyst, Bangalore ,40000.0,4.0,user@example.com,0
1278,Akshay,Kumar,Data Analyst,Pune,40000.0,4.0, test@mail.com ,0
1279,Rahul, Sharma,Business Analyst, Bangalore ,30000.0,,user@example.com,0
1280,Sanjay,Patil,Data Analyst, Hyderabad ,30000.0,1.0, test@mail.com ,0
1281,Pooja,Patil,Data Analyst, Bangalore ,0.0,4.0, test@mail.com ,9876543210
1282,Sandesh,Patil,Business Analyst, Hyderabad ,40000.0,5.0,user@example.com,9123456780
1283,Rahul, Sharma,Business Analyst,Mumbai,0.0,5.0,employee@company.com,9876543210
1284,Sandesh,Patil,Data Analyst,Mumbai,30000.0,4.0,user@example.com,9876543210
1285,Rahul, Sharma,Business Analyst, Hyderabad ,40000.0,1.0,user@example.com,9123456780
1286,Sandesh,Patil,Data Analyst, Hyderabad ,35000.0,3.0,employee@company.com,9876543210
1287,Sanjay,Patil,Data Analyst,Pune,40000.0,5.0,employee@company.com,0
1288,Sanjay,Patil,Data Analyst,Pune,0.0,2.0, test@mail.com ,9876543210
1289,Rahul, Sharma,Data Analyst,Belgaum,30000.0,, test@mail.com ,9876543210
1290,Akshay,Kumar,Data Analyst,Belgaum,40000.0,1.0,user@example.com,0
1291,Rahul, Sharma,Data Analyst,Pune,40000.0,4.0, test@mail.com ,9123456780
1292,Sanjay,Patil,Data Analyst,Mumbai,0.0,4.0,employee@company.com,0
1293,Rahul, Sharma,Data Analyst,Mumbai,30000.0,3.0,employee@company.com,0
1294,Sanjay,Patil,Business Analyst, Bangalore ,30000.0,5.0,user@example.com,9123456780
1295,Rahul, Sharma,Data Analyst,Mumbai,25000.0,2.0, test@mail.com ,9123456780
1296,Sandesh,Patil,Data Analyst,Belgaum,0.0,2.0,user@example.com,9876543210
1297,Rahul, Sharma,Data Analyst,Belgaum,35000.0,2.0,employee@company.com,9123456780
1298,Sanjay,Patil,Business Analyst, Hyderabad ,40000.0,2.0,employee@company.com,9876543210
1299,Sanjay,Patil,Data Analyst, Hyderabad ,25000.0,,employee@company.com,9876543210
1300,Pooja,Patil,Data Analyst,Mumbai,25000.0,4.0, test@mail.com ,9123456780
1301,Pooja,Patil,Business Analyst,Pune,35000.0,3.0,employee@company.com,0
1302,Sanjay,Patil,Data Analyst, Bangalore ,30000.0,3.0,user@example.com,9123456780
1303,Akshay,Kumar,Data Analyst,Pune,35000.0,1.0, test@mail.com ,0
1304,Sanjay,Patil,Business Analyst,Pune,30000.0,1.0,user@example.com,0
1305,Sandesh,Patil,Data Analyst,Mumbai,0.0,, test@mail.com ,9876543210
1306,Sanjay,Patil,Business Analyst, Hyderabad ,25000.0,5.0, test@mail.com ,9876543210
1307,Sandesh,Patil,Data Analyst,Belgaum,0.0,4.0, test@mail.com ,9123456780
1308,Rahul, Sharma,Data Analyst,Mumbai,25000.0,,user@example.com,0
1309,Pooja,Patil,Data Analyst,Belgaum,30000.0,1.0,user@example.com,9876543210
1310,Rahul, Sharma,Business Analyst,Belgaum,35000.0,3.0, test@mail.com ,9876543210
1311,Rahul, Sharma,Data Analyst, Bangalore ,30000.0,4.0, test@mail.com ,0
1312,Sandesh,Patil,Data Analyst, Hyderabad ,35000.0,1.0,employee@company.com,0
1313,Sandesh,Patil,Data Analyst,Mumbai,0.0,3.0, test@mail.com ,0
1314,Sanjay,Patil,Business Analyst,Mumbai,0.0,4.0,employee@company.com,0
1315,Pooja,Patil,Data Analyst,Belgaum,35000.0,,user@example.com,9876543210
1316,Rahul, Sharma,Data Analyst, Bangalore ,30000.0,4.0, test@mail.com ,9123456780
1317,Sandesh,Patil,Business Analyst,Belgaum,30000.0,4.0,user@example.com,9876543210
1318,Pooja,Patil,Data Analyst,Belgaum,25000.0,5.0, test@mail.com ,9123456780
1319,Pooja,Patil,Data Analyst,Pune,35000.0,1.0,user@example.com,9876543210
1320,Pooja,Patil,Business Analyst, Hyderabad ,25000.0,4.0,employee@company.com,0
1321,Rahul, Sharma,Data Analyst,Pune,25000.0,5.0, test@mail.com ,0
1322,Pooja,Patil,Data Analyst,Mumbai,25000.0,, test@mail.com ,0
1323,Sandesh,Patil,Data Analyst,Pune,30000.0,,employee@company.com,9123456780
1324,Rahul, Sharma,Data Analyst,Mumbai,30000.0,2.0,employee@company.com,9876543210
1325,Akshay,Kumar,Data Analyst,Mumbai,0.0,3.0,employee@company.com,9876543210
1326,Rahul, Sharma,Data Analyst,Belgaum,0.0,,employee@company.com,0
1327,Akshay,Kumar,Business Analyst,Belgaum,25000.0,5.0,employee@company.com,9876543210
1328,Sanjay,Patil,Business Analyst, Bangalore ,30000.0,3.0, test@mail.com ,9123456780
1329,Rahul, Sharma,Data Analyst,Pune,35000.0,4.0,user@example.com,9876543210
1330,Sanjay,Patil,Data Analyst, Hyderabad ,25000.0,, test@mail.com ,0
1331,Rahul, Sharma,Data Analyst, Bangalore ,40000.0,,user@example.com,9123456780
1332,Sandesh,Patil,Business Analyst,Belgaum,35000.0,4.0,user@example.com,9876543210
1333,Pooja,Patil,Data Analyst,Belgaum,35000.0,5.0,employee@company.com,0
1334,Akshay,Kumar,Data Analyst, Hyderabad ,40000.0,3.0,user@example.com,9876543210
1335,Rahul, Sharma,Data Analyst,Pune,30000.0,5.0,employee@company.com,0
1336,Rahul, Sharma,Business Analyst,Pune,0.0,1.0,user@example.com,9123456780
1337,Sandesh,Patil,Data Analyst,Mumbai,40000.0,, test@mail.com ,0
1338,Pooja,Patil,Data Analyst, Bangalore ,0.0,1.0, test@mail.com ,9123456780
1339,Rahul, Sharma,Data Analyst,Pune,35000.0,5.0,employee@company.com,9876543210
1340,Rahul, Sharma,Data Analyst, Hyderabad ,35000.0,5.0,user@example.com,0
1341,Akshay,Kumar,Business Analyst,Mumbai,30000.0,5.0,user@example.com,0
1342,Rahul, Sharma,Data Analyst, Bangalore ,40000.0,3.0,user@example.com,9876543210
1343,Sanjay,Patil,Business Analyst, Bangalore ,0.0,1.0, test@mail.com ,9876543210
1344,Sandesh,Patil,Data Analyst,Belgaum,0.0,,user@example.com,9876543210
1345,Rahul, Sharma,Data Analyst, Hyderabad ,40000.0,4.0,employee@company.com,0
1346,Akshay,Kumar,Data Analyst,Pune,0.0,2.0,user@example.com,9123456780
1347,Rahul, Sharma,Data Analyst, Bangalore ,35000.0,3.0,employee@company.com,9123456780
1348,Rahul, Sharma,Business Analyst,Mumbai,30000.0,2.0,user@example.com,9876543210
1349,Pooja,Patil,Data Analyst, Bangalore ,0.0,5.0,user@example.com,9123456780
1350,Sandesh,Patil,Data Analyst, Bangalore ,0.0,2.0,employee@company.com,0
1351,Akshay,Kumar,Data Analyst,Mumbai,35000.0,, test@mail.com ,9876543210
1352,Sandesh,Patil,Data Analyst,Belgaum,0.0,1.0, test@mail.com ,9876543210
1353,Rahul, Sharma,Data Analyst,Pune,0.0,3.0,user@example.com,0
1354,Rahul, Sharma,Business Analyst,Belgaum,40000.0,1.0,user@example.com,9876543210
1355,Akshay,Kumar,Data Analyst, Bangalore ,40000.0,5.0,employee@company.com,9123456780
1356,Pooja,Patil,Data Analyst,Belgaum,30000.0,,employee@company.com,9123456780
1357,Sandesh,Patil,Business Analyst,Belgaum,30000.0,2.0, test@mail.com ,9876543210
1358,Akshay,Kumar,Business Analyst,Pune,0.0,2.0,employee@company.com,9876543210
1359,Sanjay,Patil,Business Analyst,Belgaum,40000.0,5.0,user@example.com,0
1360,Sanjay,Patil,Data Analyst, Bangalore ,25000.0,1.0,user@example.com,9876543210
1361,Rahul, Sharma,Data Analyst,Pune,35000.0,3.0,user@example.com,0
1362,Pooja,Patil,Data Analyst,Mumbai,0.0,, test@mail.com ,9876543210
1363,Rahul, Sharma,Data Analyst,Belgaum,25000.0,4.0, test@mail.com ,9876543210
1364,Sandesh,Patil,Data Analyst,Pune,40000.0,1.0, test@mail.com ,9876543210
1365,Sandesh,Patil,Data Analyst, Bangalore ,0.0,,employee@company.com,9123456780
1366,Pooja,Patil,Data Analyst,Belgaum,0.0,2.0, test@mail.com ,9876543210
1367,Sandesh,Patil,Data Analyst,Belgaum,35000.0,3.0, test@mail.com ,9123456780
1368,Sandesh,Patil,Data Analyst,Mumbai,30000.0,1.0, test@mail.com ,0
1369,Rahul, Sharma,Data Analyst,Pune,0.0,4.0,user@example.com,9123456780
1370,Sandesh,Patil,Data Analyst, Hyderabad ,0.0,1.0,user@example.com,9123456780
1371,Pooja,Patil,Business Analyst,Pune,40000.0,1.0,user@example.com,0
1372,Rahul, Sharma,Data Analyst, Hyderabad ,30000.0,5.0,employee@company.com,9876543210
1373,Akshay,Kumar,Data Analyst,Pune,25000.0,1.0, test@mail.com ,0
1374,Sandesh,Patil,Data Analyst,Belgaum,25000.0,,employee@company.com,9876543210
1375,Akshay,Kumar,Data Analyst, Hyderabad ,30000.0,5.0, test@mail.com ,0
1376,Akshay,Kumar,Data Analyst, Bangalore ,25000.0,1.0, test@mail.com ,9876543210
1377,Rahul, Sharma,Data Analyst, Hyderabad ,30000.0,3.0,user@example.com,0
1378,Pooja,Patil,Data Analyst,Pune,30000.0,2.0,user@example.com,9876543210
1379,Sanjay,Patil,Data Analyst,Pune,30000.0,1.0,user@example.com,9876543210
1380,Rahul, Sharma,Data Analyst,Pune,40000.0,1.0,employee@company.com,9876543210
1381,Pooja,Patil,Data Analyst,Mumbai,30000.0,, test@mail.com ,9123456780
1382,Pooja,Patil,Data Analyst,Belgaum,30000.0,1.0,employee@company.com,0
1383,Rahul, Sharma,Business Analyst, Bangalore ,35000.0,4.0,user@example.com,9123456780
1384,Sanjay,Patil,Business Analyst, Hyderabad ,35000.0,2.0, test@mail.com ,9123456780
1385,Rahul, Sharma,Business Analyst, Hyderabad ,25000.0,3.0,user@example.com,9123456780
1386,Pooja,Patil,Business Analyst,Belgaum,30000.0,1.0,user@example.com,9876543210
1387,Rahul, Sharma,Data Analyst,Pune,0.0,,user@example.com,9876543210
1388,Sandesh,Patil,Data Analyst,Mumbai,25000.0,2.0,employee@company.com,9876543210
1389,Akshay,Kumar,Business Analyst, Hyderabad ,40000.0,4.0, test@mail.com ,9123456780
1390,Rahul, Sharma,Data Analyst,Mumbai,25000.0,4.0,user@example.com,9876543210
1391,Rahul, Sharma,Data Analyst,Belgaum,0.0,3.0, test@mail.com ,9123456780
1392,Akshay,Kumar,Business Analyst,Mumbai,25000.0,,employee@company.com,0
1393,Pooja,Patil,Data Analyst,Belgaum,25000.0,,user@example.com,0
1394,Rahul, Sharma,Business Analyst,Pune,30000.0,2.0,user@example.com,0
1395,Sandesh,Patil,Data Analyst,Pune,0.0,2.0,user@example.com,9876543210
1396,Rahul, Sharma,Data Analyst,Pune,0.0,1.0,user@example.com,9876543210
1397,Sanjay,Patil,Business Analyst, Hyderabad ,40000.0,,user@example.com,0
1398,Rahul, Sharma,Data Analyst,Mumbai,30000.0,5.0,user@example.com,0
1399,Rahul, Sharma,Business Analyst,Mumbai,40000.0,3.0, test@mail.com ,9123456780
1400,Akshay,Kumar,Data Analyst,Pune,25000.0,1.0,employee@company.com,9123456780
1401,Pooja,Patil,Data Analyst, Hyderabad ,25000.0,3.0,user@example.com,9876543210
1402,Akshay,Kumar,Data Analyst, Bangalore ,30000.0,2.0, test@mail.com ,9876543210
1403,Sanjay,Patil,Data Analyst,Belgaum,35000.0,3.0, test@mail.com ,0
1404,Sanjay,Patil,Data Analyst, Hyderabad ,30000.0,,user@example.com,9123456780
1405,Akshay,Kumar,Data Analyst,Belgaum,30000.0,,employee@company.com,0
1406,Sandesh,Patil,Data Analyst,Belgaum,35000.0,4.0,user@example.com,0
1407,Sandesh,Patil,Data Analyst,Pune,30000.0,3.0,user@example.com,0
1408,Akshay,Kumar,Data Analyst, Bangalore ,0.0,4.0,employee@company.com,9876543210
1409,Rahul, Sharma,Data Analyst, Hyderabad ,35000.0,, test@mail.com ,9876543210
1410,Sanjay,Patil,Data Analyst,Mumbai,40000.0,3.0, test@mail.com ,0
1411,Rahul, Sharma,Business Analyst,Pune,40000.0,3.0, test@mail.com ,9876543210
1412,Rahul, Sharma,Data Analyst,Pune,30000.0,3.0,employee@company.com,9876543210
1413,Pooja,Patil,Business Analyst, Hyderabad ,35000.0,2.0,employee@company.com,0
1414,Akshay,Kumar,Data Analyst, Hyderabad ,30000.0,,employee@company.com,0
1415,Sandesh,Patil,Data Analyst,Belgaum,35000.0,2.0,employee@company.com,0
1416,Rahul, Sharma,Data Analyst,Belgaum,35000.0,5.0,employee@company.com,9876543210
1417,Sandesh,Patil,Data Analyst,Belgaum,40000.0,2.0,employee@company.com,9876543210
1418,Akshay,Kumar,Data Analyst,Pune,35000.0,2.0, test@mail.com ,9123456780
1419,Sandesh,Patil,Data Analyst, Hyderabad ,40000.0,5.0,user@example.com,0
1420,Sanjay,Patil,Business Analyst, Hyderabad ,35000.0,5.0, test@mail.com ,0
1421,Rahul, Sharma,Data Analyst,Mumbai,30000.0,5.0,employee@company.com,9876543210
1422,Sanjay,Patil,Data Analyst,Pune,35000.0,2.0, test@mail.com ,9876543210
1423,Rahul, Sharma,Business Analyst, Hyderabad ,40000.0,3.0,user@example.com,0
1424,Sanjay,Patil,Business Analyst,Belgaum,25000.0,4.0,employee@company.com,9876543210
1425,Sanjay,Patil,Data Analyst,Mumbai,30000.0,2.0,user@example.com,9123456780
1426,Sandesh,Patil,Data Analyst,Pune,40000.0,3.0,user@example.com,9876543210
1427,Rahul, Sharma,Business Analyst,Mumbai,35000.0,3.0, test@mail.com ,9123456780
1428,Sanjay,Patil,Data Analyst, Bangalore ,30000.0,,user@example.com,0
1429,Sanjay,Patil,Data Analyst, Bangalore ,0.0,1.0,employee@company.com,0
1430,Pooja,Patil,Data Analyst, Hyderabad ,40000.0,3.0, test@mail.com ,9123456780
1431,Akshay,Kumar,Data Analyst,Belgaum,40000.0,2.0,employee@company.com,0
1432,Pooja,Patil,Data Analyst, Bangalore ,0.0,2.0,user@example.com,9876543210
1433,Sandesh,Patil,Data Analyst, Hyderabad ,30000.0,4.0,employee@company.com,9123456780
1434,Sanjay,Patil,Data Analyst,Pune,0.0,2.0,employee@company.com,0
1435,Pooja,Patil,Data Analyst,Pune,0.0,4.0,employee@company.com,9876543210
1436,Pooja,Patil,Business Analyst,Belgaum,35000.0,2.0, test@mail.com ,9123456780
1437,Rahul, Sharma,Data Analyst, Hyderabad ,0.0,5.0,employee@company.com,9123456780
1438,Rahul, Sharma,Data Analyst,Belgaum,25000.0,5.0,employee@company.com,9876543210
1439,Akshay,Kumar,Data Analyst, Hyderabad ,40000.0,4.0,user@example.com,9123456780
1440,Sandesh,Patil,Business Analyst,Mumbai,40000.0,1.0,user@example.com,9876543210
1441,Pooja,Patil,Data Analyst,Pune,30000.0,4.0, test@mail.com ,9123456780
1442,Pooja,Patil,Business Analyst,Mumbai,35000.0,5.0,user@example.com,9876543210
1443,Sanjay,Patil,Data Analyst,Belgaum,30000.0,1.0, test@mail.com ,0
1444,Sandesh,Patil,Data Analyst,Belgaum,0.0,4.0, test@mail.com ,0
1445,Rahul, Sharma,Data Analyst,Belgaum,25000.0,4.0, test@mail.com ,9876543210
1446,Akshay,Kumar,Data Analyst,Mumbai,30000.0,4.0,employee@company.com,9123456780
1447,Rahul, Sharma,Data Analyst,Belgaum,40000.0,5.0, test@mail.com ,9123456780
1448,Sandesh,Patil,Data Analyst,Belgaum,35000.0,4.0,employee@company.com,9123456780
1449,Sanjay,Patil,Data Analyst,Belgaum,40000.0,2.0,employee@company.com,9123456780
1450,Pooja,Patil,Data Analyst,Belgaum,25000.0,5.0,employee@company.com,9876543210
1451,Pooja,Patil,Data Analyst,Belgaum,25000.0,2.0, test@mail.com ,0
1452,Pooja,Patil,Data Analyst,Pune,30000.0,3.0, test@mail.com ,9123456780
1453,Sandesh,Patil,Data Analyst,Belgaum,25000.0,1.0,user@example.com,0
1454,Pooja,Patil,Data Analyst,Pune,35000.0,2.0,user@example.com,0
1455,Sanjay,Patil,Data Analyst,Belgaum,40000.0,,employee@company.com,9876543210
1456,Sandesh,Patil,Data Analyst,Mumbai,35000.0,, test@mail.com ,0
1457,Sanjay,Patil,Business Analyst,Pune,40000.0,4.0,employee@company.com,0
1458,Akshay,Kumar,Data Analyst,Mumbai,25000.0,1.0,user@example.com,0
1459,Sanjay,Patil,Data Analyst,Belgaum,30000.0,, test@mail.com ,9876543210
1460,Sandesh,Patil,Data Analyst,Mumbai,0.0,1.0,employee@company.com,9876543210
1461,Sanjay,Patil,Business Analyst,Mumbai,0.0,1.0,user@example.com,9123456780
1462,Sanjay,Patil,Data Analyst,Belgaum,0.0,4.0,employee@company.com,9123456780
1463,Rahul, Sharma,Business Analyst,Belgaum,30000.0,4.0,employee@company.com,0
1464,Sandesh,Patil,Business Analyst,Belgaum,35000.0,1.0,employee@company.com,9876543210
1465,Rahul, Sharma,Business Analyst, Bangalore ,40000.0,3.0,employee@company.com,0
1466,Sandesh,Patil,Data Analyst,Belgaum,40000.0,3.0, test@mail.com ,0
1467,Akshay,Kumar,Data Analyst,Belgaum,30000.0,2.0,employee@company.com,0
1468,Akshay,Kumar,Data Analyst, Hyderabad ,40000.0,1.0,user@example.com,0
1469,Akshay,Kumar,Data Analyst, Bangalore ,30000.0,2.0,employee@company.com,9123456780
1470,Rahul, Sharma,Data Analyst, Bangalore ,40000.0,, test@mail.com ,0
1471,Akshay,Kumar,Data Analyst, Hyderabad ,35000.0,5.0, test@mail.com ,9876543210
1472,Pooja,Patil,Data Analyst, Bangalore ,25000.0,5.0, test@mail.com ,0
1473,Rahul, Sharma,Business Analyst, Bangalore ,25000.0,, test@mail.com ,0
1474,Sanjay,Patil,Data Analyst,Pune,40000.0,, test@mail.com ,9876543210
1475,Rahul, Sharma,Data Analyst, Bangalore ,30000.0,1.0, test@mail.com ,0
1476,Rahul, Sharma,Data Analyst,Belgaum,35000.0,3.0, test@mail.com ,9876543210
1477,Sandesh,Patil,Data Analyst, Bangalore ,25000.0,,employee@company.com,9876543210
1478,Sanjay,Patil,Data Analyst,Belgaum,25000.0,2.0, test@mail.com ,9123456780
1479,Akshay,Kumar,Business Analyst,Mumbai,35000.0,5.0, test@mail.com ,0
1480,Sanjay,Patil,Business Analyst, Bangalore ,35000.0,1.0, test@mail.com ,0
1481,Sandesh,Patil,Business Analyst,Belgaum,0.0,,user@example.com,9876543210
1482,Rahul, Sharma,Data Analyst,Mumbai,0.0,5.0, test@mail.com ,9876543210
1483,Pooja,Patil,Data Analyst, Hyderabad ,30000.0,5.0,employee@company.com,0
1484,Akshay,Kumar,Data Analyst, Bangalore ,35000.0,4.0, test@mail.com ,9123456780
1485,Sandesh,Patil,Data Analyst,Belgaum,0.0,1.0,employee@company.com,9876543210
1486,Sanjay,Patil,Business Analyst,Mumbai,30000.0,2.0,employee@company.com,9123456780
1487,Pooja,Patil,Data Analyst, Bangalore ,0.0,2.0, test@mail.com ,9876543210
1488,Rahul, Sharma,Business Analyst,Mumbai,30000.0,2.0, test@mail.com ,9876543210
1489,Pooja,Patil,Data Analyst,Pune,0.0,4.0,employee@company.com,9876543210
1490,Rahul, Sharma,Data Analyst,Belgaum,40000.0,3.0,user@example.com,0
1491,Pooja,Patil,Data Analyst, Bangalore ,25000.0,4.0, test@mail.com ,9876543210
1492,Pooja,Patil,Business Analyst, Hyderabad ,35000.0,4.0,employee@company.com,9876543210
1493,Sandesh,Patil,Data Analyst, Bangalore ,25000.0,1.0,employee@company.com,0
1494,Akshay,Kumar,Data Analyst,Mumbai,30000.0,,user@example.com,9876543210
1495,Akshay,Kumar,Business Analyst, Bangalore ,25000.0,1.0,user@example.com,9876543210
1496,Akshay,Kumar,Data Analyst,Belgaum,40000.0,5.0, test@mail.com ,0
1497,Sanjay,Patil,Business Analyst, Bangalore ,0.0,2.0,user@example.com,0
1498,Akshay,Kumar,Business Analyst, Bangalore ,25000.0,2.0,user@example.com,9876543210
1499,Pooja,Patil,Data Analyst,Belgaum,0.0,1.0,employee@company.com,9876543210
1500,Sandesh,Patil,Business Analyst,Belgaum,0.0,2.0,user@example.com,9876543210
